{"cameraMode":{"drawMode":0,"name":"Shaded","section":"Shading Mode"},"sceneLighting":false,"audioPlay":false,"sceneViewState":{"m_AlwaysRefresh":false,"showFog":false,"showSkybox":false,"showFlares":false,"showImageEffects":false,"showParticleSystems":false,"showVisualEffectGraphs":true,"m_FxEnabled":false},"in2DMode":false,"pivot":{"x":0.17827840149402619,"y":-0.2783633768558502,"z":0.22397232055664063},"rotation":{"x":0.01848655380308628,"y":0.7607225179672241,"z":-0.021686168387532235,"w":0.6484560370445252},"size":0.9854910969734192,"orthographic":true}