{"cameraMode":{"drawMode":0,"name":"Shaded","section":"Shading Mode"},"sceneLighting":false,"audioPlay":false,"sceneViewState":{"m_AlwaysRefresh":false,"showFog":true,"showSkybox":false,"showFlares":true,"showImageEffects":true,"showParticleSystems":true,"showVisualEffectGraphs":true,"m_FxEnabled":false},"in2DMode":false,"pivot":{"x":-1.6910609006881714,"y":0.21346139907836915,"z":0.8217720985412598},"rotation":{"x":0.18695905804634095,"y":0.7607275247573853,"z":-0.2499002069234848,"w":0.5691125392913818},"size":1.9682644605636597,"orthographic":true}