{"cameraMode":{"drawMode":0,"name":"Shaded","section":"Shading Mode"},"sceneLighting":false,"audioPlay":false,"sceneViewState":{"m_AlwaysRefresh":false,"showFog":true,"showSkybox":false,"showFlares":true,"showImageEffects":true,"showParticleSystems":true,"showVisualEffectGraphs":true,"m_FxEnabled":false},"in2DMode":false,"pivot":{"x":-0.08438873291015625,"y":26.831226348876954,"z":0.0047607421875},"rotation":{"x":0.3117538094520569,"y":-0.16142702102661134,"z":0.053836166858673099,"w":0.9348015785217285},"size":210.55154418945313,"orthographic":false}