{"cameraMode":{"drawMode":0,"name":"Shaded","section":"Shading Mode"},"sceneLighting":false,"audioPlay":false,"sceneViewState":{"m_AlwaysRefresh":false,"showFog":false,"showSkybox":false,"showFlares":false,"showImageEffects":false,"showParticleSystems":false,"showVisualEffectGraphs":true,"m_FxEnabled":false},"in2DMode":false,"pivot":{"x":0.34747591614723208,"y":0.0894971489906311,"z":-0.034668564796447757},"rotation":{"x":-0.005474005360156298,"y":0.8533174991607666,"z":0.00895989965647459,"w":0.5212953090667725},"size":1.095071792602539,"orthographic":true}